--book database
INSERT INTO book(book_id, name) VALUES (1,'trading_book_1');
INSERT INTO book(book_id, name) VALUES (2,'trading_book_2');
INSERT INTO book(book_id, name) VALUES (3,'trading_book_3');
INSERT INTO book(book_id, name) VALUES (4,'trading_book_4');
INSERT INTO book(book_id, name) VALUES (5,'trading_book_6');




--users database
INSERT INTO users(user_id, name, email, role) VALUES (1, 'Christopher Chan', 'Chris1@bank.com', 'Trader');
INSERT INTO users(user_id, name, email, role) VALUES (2, 'Jimin Park', 'Jimin1@bank.com', 'Trader');
INSERT INTO users(user_id, name, email, role) VALUES (3, 'Felix Lee', 'fLee@bank.com', 'Trader');


--book_users
INSERT INTO book_user(book_id, user_id) VALUES(1,1);
INSERT INTO book_user(book_id, user_id) VALUES(2,1);
INSERT INTO book_user(book_id, user_id) VALUES(3,1);
INSERT INTO book_user(book_id, user_id) VALUES(1,2);
INSERT INTO book_user(book_id, user_id) VALUES(1,3);
INSERT INTO book_user(book_id, user_id) VALUES(4,3);
INSERT INTO book_user(book_id, user_id) VALUES(4,2);
INSERT INTO book_user(book_id, user_id) VALUES(5,2);

--bonds
INSERT INTO securities(security_id, isin, cusip, issuer_name, mature_date, coupon_rate,bond_type,face_value,bond_currency,status) VALUES(1,'XS1988387210','','BNPParibasIssu 4,37% Microsoft Corp (USD)','05/08/2021',4.37,'CORP',1000,'USD','active');
INSERT INTO securities(security_id, isin, cusip, issuer_name, mature_date, coupon_rate,bond_type,face_value,bond_currency,status) VALUES(2,'XS1988387210','','BNPParibasIssu 4,37% Microsoft Corp (USD)','05/08/2021',4.37,'CORP',1000,'USD','active');
INSERT INTO securities(security_id, isin, cusip, issuer_name, mature_date, coupon_rate,bond_type,face_value,bond_currency,status) VALUES(3,'USN0280EAR64','123456780','Airbus 3.15%  USD','30/07/2021',3.15,'CORP',900,'USD','active');
INSERT INTO securities(security_id, isin, cusip, issuer_name, mature_date, coupon_rate,bond_type,face_value,bond_currency,status) VALUES(4,'USN0280EAR64','123456780','Airbus 3.15%  USD','30/07/2021',3.15,'CORP',900,'USD','active');
INSERT INTO securities(security_id, isin, cusip, issuer_name, mature_date, coupon_rate,bond_type,face_value,bond_currency,status) VALUES(5,'A12356111','123456bh0','UBS Facebook (USD)','30/09/2021',2.0,'CORP',900,'USD','active');
INSERT INTO securities(security_id, isin, cusip, issuer_name, mature_date, coupon_rate,bond_type,face_value,bond_currency,status) VALUES(6,'USN0280EAR64','123456780','Airbus 3.15%  USD','30/07/2021',3.15,'CORP',900,'USD','active');
INSERT INTO securities(security_id, isin, cusip, issuer_name, mature_date, coupon_rate,bond_type,face_value,bond_currency,status) VALUES(7,'A12356111','123456bh0','UBS Facebook (USD)','30/09/2021',2,'CORP',900,'USD','active');
INSERT INTO securities(security_id, isin, cusip, issuer_name, mature_date, coupon_rate,bond_type,face_value,bond_currency,status) VALUES(8,'USU02320AG12','AMZN 3.15 08/22/27 REGS','Amazon','03/08/2021',3.15,'CORP',900,'USD','active');
INSERT INTO securities(security_id, isin, cusip, issuer_name, mature_date, coupon_rate,bond_type,face_value,bond_currency,status) VALUES(9,'USU02320AG12','AMZN 3.15 08/22/27 REGS','Amazon','03/08/2021',3.15,'CORP',900,'USD','active');
INSERT INTO securities(security_id, isin, cusip, issuer_name, mature_date, coupon_rate,bond_type,face_value,bond_currency,status) VALUES(10,'GB00B6460505','BDCHBW8','HM Treasury United Kingdon','09/08/2021',0.75,'GOVN',900,'GBP','active');
INSERT INTO securities(security_id, isin, cusip, issuer_name, mature_date, coupon_rate,bond_type,face_value,bond_currency,status) VALUES(11,'GB00B6460506','BDCHBW8','HM Treasury United Kingdon','09/08/2021',0.75,'GOVN',900,'GBP','active');
INSERT INTO securities(security_id, isin, cusip, issuer_name, mature_date, coupon_rate,bond_type,face_value,bond_currency,status) VALUES(12,'GB00B6460507','BDCHBW8','HM Treasury United Kingdon','09/08/2021',0.75,'GOVN',900,'GBP','active');
INSERT INTO securities(security_id, isin, cusip, issuer_name, mature_date, coupon_rate,bond_type,face_value,bond_currency,status) VALUES(13,'GB00B6460508','BDCHBW8','HM Treasury United Kingdon','09/08/2021',0.75,'GOVN',900,'GBP','active');
INSERT INTO securities(security_id, isin, cusip, issuer_name, mature_date, coupon_rate,bond_type,face_value,bond_currency,status) VALUES(14,'GB00B6460509','BDCHBW8','HM Treasury United Kingdon','09/08/2021',0.75,'GOVN',900,'GBP','active');
INSERT INTO securities(security_id, isin, cusip, issuer_name, mature_date, coupon_rate,bond_type,face_value,bond_currency,status) VALUES(15,'GB00B6460510','BDCHBW8','HM Treasury United Kingdon','09/08/2021',0.75,'GOVN',900,'GBP','active');
INSERT INTO securities(security_id, isin, cusip, issuer_name, mature_date, coupon_rate,bond_type,face_value,bond_currency,status) VALUES(16,'GB00B6460511','BDCHBW8','HM Treasury United Kingdon','09/08/2021',0.75,'GOVN',900,'GBP','active');
INSERT INTO securities(security_id, isin, cusip, issuer_name, mature_date, coupon_rate,bond_type,face_value,bond_currency,status) VALUES(17,'GB00B6460512','BDCHBW8','HM Treasury United Kingdon','09/08/2021',0.75,'GOVN',900,'GBP','active');
INSERT INTO securities(security_id, isin, cusip, issuer_name, mature_date, coupon_rate,bond_type,face_value,bond_currency,status) VALUES(18,'GB00B6460513','BDCHBW8','HM Treasury United Kingdon','09/08/2021',0.75,'GOVN',900,'GBP','active');
INSERT INTO securities(security_id, isin, cusip, issuer_name, mature_date, coupon_rate,bond_type,face_value,bond_currency,status) VALUES(19,'GB00B6460514','BDCHBW8','HM Treasury United Kingdon','09/08/2021',0.75,'GOVN',900,'GBP','active');
INSERT INTO securities(security_id, isin, cusip, issuer_name, mature_date, coupon_rate,bond_type,face_value,bond_currency,status) VALUES(20,'GB00B6460515','BDCHBW8','HM Treasury United Kingdon','09/08/2021',0.75,'GOVN',900,'GBP','active');
INSERT INTO securities(security_id, isin, cusip, issuer_name, mature_date, coupon_rate,bond_type,face_value,bond_currency,status) VALUES(21,'US87973RAA86','87973RAA8','TEMASEK FINL I LTD GLOBAL MEDIUM TERM NTS BOOK ENTRY REG S','06/08/2021',2.02,'SOVN',690,'USD','active');
INSERT INTO securities(security_id, isin, cusip, issuer_name, mature_date, coupon_rate,bond_type,face_value,bond_currency,status) VALUES(22,'US87973RAA86','87973RAA8','TEMASEK FINL I LTD GLOBAL MEDIUM TERM NTS BOOK ENTRY REG S','06/08/2021',2.02,'SOVN',690,'USD','active');
INSERT INTO securities(security_id, isin, cusip, issuer_name, mature_date, coupon_rate,bond_type,face_value,bond_currency,status) VALUES(23,'US87973RAA86','87973RAA8','TEMASEK FINL I LTD GLOBAL MEDIUM TERM NTS BOOK ENTRY REG S','06/08/2021',2.02,'SOVN',690,'USD','active');
INSERT INTO securities(security_id, isin, cusip, issuer_name, mature_date, coupon_rate,bond_type,face_value,bond_currency,status) VALUES(24,'US87973RAA86','87973RAA8','TEMASEK FINL I LTD GLOBAL MEDIUM TERM NTS BOOK ENTRY REG S','06/08/2021',2.02,'SOVN',690,'USD','active');
INSERT INTO securities(security_id, isin, cusip, issuer_name, mature_date, coupon_rate,bond_type,face_value,bond_currency,status) VALUES(25,'IE00B29LNP31','87973RAA8','First Norway Alpha Kl.IV','22/12/2030',1.123,'SOVN',340,'USD','active');
INSERT INTO securities(security_id, isin, cusip, issuer_name, mature_date, coupon_rate,bond_type,face_value,bond_currency,status) VALUES(26,'IE00B29LNP31','87973RAA8','First Norway Alpha Kl.IV','22/12/2030',1.123,'SOVN',340,'USD','active');
INSERT INTO securities(security_id, isin, cusip, issuer_name, mature_date, coupon_rate,bond_type,face_value,bond_currency,status) VALUES(27,'IE00B29LNP31','87973RAA8','First Norway Alpha Kl.IV','22/12/2030',1.123,'SOVN',340,'USD','active');
INSERT INTO securities(security_id, isin, cusip, issuer_name, mature_date, coupon_rate,bond_type,face_value,bond_currency,status) VALUES(28,'IE00B29LNP31','87973RAA8','First Norway Alpha Kl.IV','22/12/2030',1.123,'SOVN',340,'USD','active');